ID,DOMAIN,SECTOR,TOPIC,USER,ASSISTANT,EXAMPLE
b7c5e751-1b9e-4f20-90e4-43a231579d0c,sales,automobile,Car Dealership (New Car Enquiry),Male,Female,"In the automobile sector, handling new car enquiries is a crucial aspect of sales. The topic ""Car Dealership (New Car Enquiry)"" involves understanding customer needs and providing relevant information about available car models. Here's a scenario:

Representative Details:
* Name: Sana
* Designation: Sales Consultant
* Company: AutoDrive Motors
Customer Details:
* Name: Arjun
* City: Mumbai
* Preferred Car Model: Sedan
Purpose of the Call:
* To gather information about the customer's preferred car model.
* To provide details about available car models and their features.
* To schedule a test drive if desired.
Guidelines for the Call:
1. Greet the customer and confirm their preferences: 'नमस्ते अर्जुन जी, मैं सना बोल रही हूँ, ऑटोड्राइव मोटर्स से। लाफ्ट (Sedan) में हमारे कौनसे मॉडल आपको पसंद आ सकते हैं?'
2. Provide information about available car models and their features: 'अर्जुन जी आपके लिए हमारा नया मॉडल 'XFactor' अत्यंत उपयुक्त हो सकता है। इसमें आपको सेमीऑटोमेटिक ट्रांसमिशन और उन्नत सुरक्षा सुविधाएँ मिलेंगी।'
3. Offer to schedule a test drive: 'क्या आप 'XFactor' को आत्मसात करने के लिए एक टेस्ट ड्राइव करना चाहेंगे?'
4. Discuss budget and ongoing offers: 'इस मॉडल की कीमतें आपके बजट के अनुसार होंगी। इसके साथ आपको हमारे प्रस्तावों का भी लाभ मिलेगा। क्या आप हमारे ऑफर्स में रुचि ले रहे हैं?'
5. End by confirming next steps: 'अर्जुन जी, हम आपके लिए इस मॉडल का प्रदर्शन तैयार करेंगे, धन्यवाद!'

This context highlights how understanding and addressing customer requirements for new cars can impact the automobile sales process."
8f932022-2b7d-49d5-9352-92d3583ce276,sales,automobile,Car Dealership (Price Negotiation),Male,Male,"Price negotiation is a significant aspect of the automobile sector. The topic ""Car Dealership (Price Negotiation)"" focuses on understanding the customer's budget and flexibility while discussing the vehicle's price. Here's an example:

Representative Details:
* Name: Aarav
* Designation: Sales Manager
* Company: AutoDrive Motors
Customer Details:
* Name: Drishti
* City: Delhi
* Preferred Car Model: SUV
Purpose of the Call:
* To discuss the customer's budget for the preferred car model.
* To negotiate the final price based on customer requirements.
Guidelines for the Call:
1. Discuss the customer's preferred car model and its price: 'दृष्टि जी हमारा नया मॉडल आपको कैसा लगा? छूट और ऑफर्स हम आपको क्या दे सकते हैं?'
2. Calculate the total cost and provide any discounts or offers: 'हाँ हम आपको इस पर एक अच्छा ऑफर दे सकते हैं, जिससे आपकी छूट का प्रतिशत बढ़ जाएगा।'
3. Address any concerns regarding pricing: 'मुझे समझाने दें की हमारा ५-६ लाख वाला ऑफर कैसे आपके बजट में फिट हो सकता है।'
4. Confirm the agreement and provide next steps: 'ठीक है, तो क्या हम इसी रेंज में आपके लिए एक अच्छा सौदा देख सकते हैं?'
5. Close the negotiation by detailing the agreed terms: 'दृष्टि जी आपकी कीमत़ें नीचे लाने के लिए हमारी पूरी कोशिश रहेगी और इसी छूट पर आपका ऑर्डर हम स्वीकार करते हैं।'
    डिलीवरी में क soğukी की ज़रूरत है।'
This example highlights the importance of negotiation in securing deals in the automobile sector, emphasizing flexibility within the pricing structure and alignment with the sector's requirements."
d44475d8-3fa5-4c1e-827f-1ecbd890012b,education,online learning,Customer Support for Online Courses,Male,Male,"The sector ""online learning"" faces a variety of challenges, one of which is addressed by the topic ""Customer Support for Online Courses"". In this case, the key instruction for the topic is: ""Customer Support for Online Courses
Representative Details:
* Name: Rohan
* Designation: Customer Support Representative
* Company: EduTech Learning Solutions
Customer Details:
* Name: Karan
* Course Enrolled: Data Science Certification
* Enrollment Date: 10th January 2024
Purpose of the Call:
* To resolve technical issues with the online course platform.
* To assist with course material and resource access.
* To provide information about upcoming courses and promotions.
Guidelines for the Call:
1. Acknowledge the customer's issue: 'Thanks for reaching out, Karan. I understand you're experiencing issues with our online course platform.'
2. Offer assistance with course material: 'We can definitely help you with accessing your course materials. Can you please confirm your course enrollment details?'
3. Inform about upcoming courses: 'We have some exciting new courses launching soon, including an Advanced Data Science Certification. Would you like to know more about it?'
4. End the call with a positive note: 'Is there anything else I can help you with today, Karan? We're committed to providing you with the best learning experience possible.'
This highlights the importance of customer support in the online learning sector."
98cc994b-1354-4e5e-99e7-b067d1c81cd7,healthcare,medical billing,Insurance Claim Processing,Female,Female,"The sector ""medical billing"" faces a range of challenges, including the topic ""Insurance Claim Processing"". The instruction associated with this topic is: ""Insurance Claim Processing
Representative Details:
* Name: Rhea
* Designation: Medical Billing Specialist
* Company: MedClaims Solutions
Patient Details:
* Name: Aisha
* Insurance Provider: United India Insurance
* Policy Number: 1234567890
Purpose of the Call:
* To process insurance claims efficiently and accurately.
* To resolve any errors or discrepancies in the claims process.
* To provide patients with an update on their claim status.
Guidelines for the Call:
1. Verify patient and policy details: 'Aisha, could you please confirm your policy number and date of birth?'
2. Inform about the claims process: 'Once we receive all necessary documentation, we'll process your claim accordingly.'
3. Provide claim status updates: 'Your claim is currently under review. We'll keep you updated on the status and any further actions required.'
4. Assist with any discrepancies: 'We can definitely help resolve any errors or discrepancies in the claims process. Please let us know how we can assist.'
This emphasizes the significance of this topic in addressing the medical billing sector's challenges."
ef46f864-1930-4548-abc7-a8a311f031c8,sales,telecom,Telecom Service Provider (New Plan Promotion),Male,Male,"The sector ""telecom"" encompasses numerous critical topics. One such topic is ""Telecom Service Provider (New Plan Promotion)"", which necessitates specialized attention. In this case, the key instruction for the topic is: ""Telecom Service Provider (New Plan Promotion)
Representative Details:
* Name: Karan
* Designation: Sales Executive
* Company: Jio
Customer Details:
* Name: Rohan
* Current Plan: Jio ₹299 Prepaid Plan
* New Plan: Jio ₹499 Prepaid Plan (with added data and voice minutes)
Purpose of the Call:
* To introduce the customer to a new plan that offers additional benefits.
* To encourage the customer to switch to the new plan.
* To answer any questions or concerns the customer may have.
Guidelines for the Call:
1. Greet the customer warmly and introduce the new plan: 'नमस्ते रोहन जी, मैं करण बोल रहा हूँ, जियो से। हमारे पास एक नया प्लान है, जो आपको अधिक डेटा और वॉयस मिनट्स देगा।'
2. Highlight the benefits of the new plan: 'इस नए प्लान में आपको ₹499 में 100GB डेटा और 500 वॉयस मिनट्स मिलेंगे।'
3. Emphasize how the new plan can meet the customer's needs: 'क्या आप अधिक डेटा और वॉयस मिनट्स की तलाश में हैं? यह नया प्लान आपकी आवश्यकताओं को पूरा कर सकता है।'
4. If the customer is interested, confirm the details: 'क्या आप इस नए प्लान को खरीदना चाहेंगे?'
5. If the customer has concerns or questions, address them: 'क्या आपको कोई कन्फ्यूजन है या और जानकारी चाहिए?'
6. End the call by thanking the customer and confirming the sale: 'आपके समय के लिए धन्यवाद रोहन जी, हम आशा करते हैं कि आप इस नए प्लान का आनंद लेंगे।'"", demonstrating the influence of this topic on the telecom sector."
2e57de97-7b4c-4b04-a22e-2b1fcb0c7560,sales,telecom,Telecom Service Provider (Customer Retention),Female,Female,"The sector ""telecom"" faces various challenges, with ""Telecom Service Provider (Customer Retention)"" being a crucial topic. The significant instruction for this topic is: ""Telecom Service Provider (Customer Retention)
Representative Details:
* Name: Priya
* Designation: Customer Retention Executive
* Company: Vodafone
Customer Details:
* Name: Suman
* Current Plan: Vodafone ₹299 Postpaid Plan
* Reason for Churn: High Bills
Purpose of the Call:
* To understand the customer's reasons for churning.
* To offer personalized solutions to retain the customer.
* To improve the customer's experience and satisfaction.
Guidelines for the Call:
1. Greet the customer warmly and acknowledge their concerns: 'नमस्ते सुमन जी, मैं प्रिया बोल रही हूँ, वोडाफोन से। हमें आपकी चिंताओं के बारे में पता चला है, और हम आपके बिल्स को कम करने में मदद करना चाहते हैं।'
2. Investigate the reasons behind the customer's desire to churn: 'आपको लगता है कि आपके बिल्स बहुत अधिक हैं? क्या आप हमें बता सकते हैं कि आपको किस प्रकार की बचत चाहिए?'
3. Offer personalized solutions to address the customer's concerns: 'हम आपके लिए एक विशेष प्लान बना सकते हैं जो आपके बिल्स को कम करेगा। इसमें आपको अतिरिक्त डेटा और वॉयस मिनट्स मिलेंगे।'
4. Emphasize the benefits of staying with the service provider: 'क्या आप जानते हैं कि हमारे पास आपके लिए_EXCLUSIVE_ ऑफर्स हैं? आप हमारे साथ बने रहकर इन ऑफर्स का लाभ उठा सकते हैं।'
5. Confirm the customer's willingness to stay and implement the solution: 'क्या आप इस विशेष प्लान को स्वीकार करेंगे और हमारे साथ बने रहेंगे?'
6. End the call by reassuring the customer of the benefits and thanking them: 'आपके समय के लिए धन्यवाद सुमन जी, हम आशा करते हैं कि आप हमारे साथ खुश रहेंगे।'"", demonstrating the influence of this topic on customer satisfaction in the telecom sector."
0e83bcf6-6eef-47a1-823b-767d0a254852,support,tech support,Tech Support (Hardware Issue Resolution),Male,Female,"The sector ""tech support"" encompasses a variety of topics, including ""Tech Support (Hardware Issue Resolution)"", which requires specialized attention. In this case, the key instruction for the topic is: ""Tech Support (Hardware Issue Resolution)
Representative Details:
* Name: Rukmini
* Designation: Technical Support Engineer
* Company: TechSupport
Customer Details:
* Name: Rohan
* Device: HP Printer
* Issue: Printer Not Printing
Purpose of the Call:
* To assist the customer in resolving the issue with the printer.
* To guide the customer through troubleshooting steps.
* To escalate the issue if unresolved.
Guidelines for the Call:
1. Greet the customer and confirm the issue: 'Hello Rohan, this is Rukmini from TechSupport. Are you experiencing issues with your HP printer?'
2. Guide through troubleshooting steps: 'Please check the printer cables and ensure they are securely connected.'
3. If the issue persists, escalate: 'If the issue remains unresolved, we will escalate it to our technical team.'
4. End by reassuring the customer: 'We will resolve your issue as soon as possible, thank you.'"" This highlights the importance of addressing specific needs within the tech support industry."
75f6a155-eb87-4a06-b1e4-eba50f65641b,education,online learning,e-Learning Support,Female,Male,"The sector ""online learning"" encompasses a variety of topics, including ""e-Learning Support"", which requires specialized attention. In this case, the key instruction for the topic is: ""e-Learning Support
Representative Details:
* Name: Ayush
* Designation: e-Learning Support Specialist
* Company: EduTech
Customer Details:
* Name: Sophia
* Course: Introduction to Python
* Issue: Unable to Access Course Materials
Purpose of the Call:
* To assist the customer in accessing the course materials.
* To guide the customer through troubleshooting steps.
* To escalate the issue if unresolved.
Guidelines for the Call:
1. Greet the customer and confirm the issue: 'Hello Sophia, this is Ayush from EduTech. Are you experiencing issues accessing the course materials for Introduction to Python?'
2. Guide through troubleshooting steps: 'Please check your login credentials and ensure you are using the correct URL.'
3. If the issue persists, escalate: 'If the issue remains unresolved, we will escalate it to our technical team.'
4. End by reassuring the customer: 'We will resolve your issue as soon as possible, thank you.'"" This highlights the importance of addressing specific needs within the online learning industry."
20c8b5ee-91e4-4947-a42a-f2daf292e2db,finance,banking,Account Management Support,Male,Female,"The sector ""banking"" encompasses a variety of topics, including ""Account Management Support"", which requires specialized attention. In this case, the key instruction for the topic is: ""Account Management Support
Representative Details:
* Name: Rhea
* Designation: Account Management Support Specialist
* Company: Bank of India
Customer Details:
* Name: Liam
* Account Type: Savings Account
* Issue: Unable to Access Account Online
Purpose of the Call:
* To assist the customer in accessing their account online.
* To guide the customer through troubleshooting steps.
* To escalate the issue if unresolved.
Guidelines for the Call:
1. Greet the customer and confirm the issue: 'Hello Liam, this is Rhea from Bank of India. Are you experiencing issues accessing your savings account online?'
2. Guide through troubleshooting steps: 'Please check your login credentials and ensure you are using the correct URL.'
3. If the issue persists, escalate: 'If the issue remains unresolved, we will escalate it to our technical team.'
4. End by reassuring the customer: 'We will resolve your issue as soon as possible, thank you.'"" This highlights the importance of addressing specific needs within the banking industry."
0f46b447-d724-45c6-82a6-0b1f5b196fc0,education,online learning,Online Learning Platform (New Course Enrollment),Male,Female,"The sector ""online learning"" encompasses a variety of crucial topics. One such topic is ""Online Learning Platform (New Course Enrollment)"", which requires specialized attention. In this case, the key instruction for the topic is: ""Online Learning Platform (New Course Enrollment)
Representative Details:
* Name: Nalini
* Designation: Online Learning Manager
* Company: EduBridge
Customer Details:
* Name: Rohan
* Course: Artificial Intelligence Certification
* Enrollment Date: 10th January 2025
Purpose of the Call:
* To welcome the student and confirm the course details.
* To provide information about the course structure and content.
* To guide the student through the enrollment process.
Guidelines for the Call:
1. Welcome the student and introduce the company.: 'नमस्ते रोहन जी, मैं नलिनी बोल रही हूँ, एडुब्रिज इंडिया से। हम आपका ऑनलाइन कोर्स में स्वागत करते हैं।'
2. Provide course information: 'कोर्स की संरचना तीन मॉड्यूल में विभाजित है - मूल बातें, उन्नत अवधारणाओं और एक परियोजना।'
3. Guide the enrollment process: 'आपको अपने लॉगिन क्रेडेंशियल्स मिले होंगे, जिनका उपयोग करके आप प्लेटफ़ॉर्म पर प्रवेश कर सकते हैं।'
4. End by encouraging the student: 'आपको सफलता मिलेगी, और यदि आपको आवश्यकता हो, तो हमें संदेश भेजने में संकोच न करें। TreeSet Jay'"". This highlights the importance of proper onboarding in the online learning industry."
045ea388-d503-48f2-ab8e-8291c69ef5f9,healthcare,telemedicine,Virtual Consultation (Patient Follow-up),Female,Male,"Within the sector ""telemedicine"", the topic ""Virtual Consultation (Patient Follow-up)"" holds immense significance. The instruction related to this topic reads: ""Virtual Consultation (Patient Follow-up)
Representative Details:
* Name: Ramesh
* Designation: Telemedicine Doctor
* Company: HealthOnline
Customer Details:
* Name: Priya
* Duration of Consultation: 15 minutes
* Last Consultation Date: 20th November 2024
Purpose of the Call:
* To follow up on the patient's progress.
* To answer any questions the patient may have.
* To schedule further consultations if necessary.
Guidelines for the Call:
1. Greet the patient and introduce yourself: 'नमस्ते प्रिया जी, मैं रमेश बोल रहा हूँ, स्वास्थ्यऑनलाइन की तरफ़ से। आपका स्वास्थ्य कैसे है?'
2. Discuss treatment: 'कृपया अपने दवाओं के अनुसार चले जाने के बारे में बताएं।'
3. Offer guidance: 'जरूरत पड़ने पर, मुझसे संपर्क करने में संकोच न करें।'
4. End with encouragement: 'आपकी सेहत में जल्द सुधार होगा, सुधार होगा।'""."
3a9c1887-f8b2-4605-8b2d-14ce064131ec,finance,digital payments,Electronic Payment Processing (Transaction Dispute Resolution),Male,"Female</assistant<|end_header_id|>

<DOMAIN>education</DOMAIN>
<SECTOR>online learning</SECTOR>
<TOPIC>Online Learning Platform (Technical Support)</TOPIC>
<USER>Male</USER>
<ASSISTANT>Female","Within the sector ""online learning"", the topic ""Online Learning Platform (Technical Support)"" is of paramount importance. The instruction associated with this topic is: ""Online Learning Platform (Technical Support)
Representative Details:
* Name: Vedika
* Designation: Technical Support Manager
* Company: LearnOnline
Customer Details:
* Name: Aryan
* Issue: Difficulty accessing course content
* Device: Laptop
Purpose of the Call:
* To resolve the technical issue.
* To guide the student through troubleshooting steps.
* To provide alternative solutions if necessary.
Guidelines for the Call:
1. Greet the student and acknowledge the issue: 'नमस्ते आर्यन जी, मैं वेदिका बोल रही हूँ, लर्नऑनलाइन से। आपको तकनीकी समस्या हो रही है, मैं आपकी मदद करूंगी।'
2. Guide the student through troubleshooting: 'कृपया अपने ब्राउज़र को अपडेट करें और फिर कोर्स कंटेंट के लिए प्रवेश करें।'
3. Offer alternative solutions: 'अगर आपको अभी भी समस्या होती है, तो आप हमारे लाइव चैट सपोर्ट से भी संपर्क कर सकते हैं।'
4. End by reassuring the student: 'आपकी समस्या का समाधान हो जाएगा, हम आपके साथ हैं।'"""
